ID,Research Paper ID,Tweet,Research Paper Intensity,Researcher 1 Classified Emotion,Researcher 1 Classified Intensity,Researcher 2 Classified Emotion,Researcher 2 Classified Intensity,Participant 1 Classified Emotion,Participant 1 Classified Intensity,Participant 2 Classified Emotion,Participant 2 Classified Intensity,Participant 3 Classified Emotion,Participant 3 Classified Intensity,Participant 4 Classified Emotion,Participant 4 Classified Intensity,Participant 5 Classified Emotion,Participant 5 Classified Intensity,Participant 6 Classified Emotion,Participant 6 Classified Intensity
0,,Depression sucks! #depression,0.958,depressed,3,,,,,,,depressed,5,Displeased,2,depressed,4,depressed,2
1,,Feeling worthless as always #depression,0.958,depressed,4,,,,,,,hurt,4,Displeased,1,depressed,5,depressed,2
2,,Feeling worthless as always,0.958,depressed,4,,,,,,,hurt,4,Displeased,3,depressed,5,depressed,2
3,,Im think ima lay in bed all day and sulk. Life is hitting me to hard rn,0.934,depressed,5,,,,,,,displeased,2,Depressed,4,depressed,4,depressed,4
4,,So when I try I fail... and when I don't try... I still fail... #confused and #lost,0.917,depressed,4,,,,,,,displeased,3,Depressed,5,displeased,4,hurt,4
5,,my life in one word is depressing,0.917,depressed,3,,,,,,,depressed,4,Displeased,3,depressed,4,depressed,3
6,,Panic attacks are the worst. Feeling really sick and still shaking. I should be a sleep. #anxiety #depression,0.917,depressed,5,,,,,,,depressed,3,Lonely,4,depressed,5,depressed,4
7,,Feel so grim + ugly atm,0.896,displeased,2,,,,,,,displeased,2,Depressed,4,displeased,3,displeased,2
8,,Honestly depression is kicking my ass lately..,0.896,depressed,5,,,,,,,depressed,3,Lonely,3,depressed,4,depressed,4
9,,At my age all I see is gray. Is it gray because of my bad eyes or my perspective #depression  #healingjustice,0.896,depressed,3,,,,,,,displeased,2,Depressed,4,depressed,5,displeased,3
10,,"After 3 idk why I start feeling so depress, sad and lonely.",0.896,depressed,3,,,,,,,lonely,3,Depressed,3,lonely,4,lonely,3
11,,I sulk too much for my own good.,0.896,depressed,3,,,,,,,displeased,4,Lonely,2,displeased,4,displeased,4
12,,A night where depression is winning... #depression #fml #help,0.896,depressed,3,,,,,,,depressed,4,Depressed,5,depressed,5,depressed,5
13,,Going home is depressing,0.896,depressed,2,,,,,,,depressed,2,Lonely,3,depressed,3,lonely,4
14,,We can't even grieve over one black body before another one pops up due to pig brutality,0.892,displeased,4,,,,,,,grief,3,Grief,3,grief,3,grief,3
15,,It's a gloomy ass day,0.888,depressed,3,,,,,,,displeased,1,Depressed,4,depressed,2,lonely,3
16,,@Fra93_bruno wow I'm just really sadden by that. Terrible,0.875,depressed,3,,,,,,,displeased,3,Displeased,3,depressed,1,hurt,4
17,,My heads still in Ibiza but my body is sat at me desk at work #depressing,0.875,displeased,1,,,,,,,displeased,3,Guilty,4,displeased,3,lonely,3
18,,@Ashleyavitia_ don't leave me #sad,0.875,lonely,4,,,,,,,grief,4,Grief,2,hurt,3,hurt,3
19,,Depression sucks!,0.875,depressed,2,,,,,,,depressed,5,Lonely,4,depressed,3,depressed,2
20,,This the most depressing shit ever,0.861,displeased,2,,,,,,,depressed,5,Hurt,3,depressed,3,hurt,3
21,,Sometimes The Worst Place You Can Be Is In Your Own Head.'\n\n#quotes #worstenemy #depression #thinktoomuch,0.854,displeased,3,,,,,,,hurt,4,Lonely,5,hurt,3,depressed,4
22,,It's been a week of awful connectivity with @TMobile no service or only 4G is not what Im paying for. #unhappy #poorservice,0.87,displeased,4,,,,,,,displeased,2,Displeased,5,displeased,4,displeased,5
23,,"@TMobileHelp my service is down in Cleveland, OH. What's going on? #unhappy",0.854,displeased,3,,,,,,,displeased,2,Displeased,3,displeased,4,displeased,5
24,,What a sad evening - clearing out all of Harvey's cage and belongings. Now so final. Goodbye my little man.... #depressing,0.854,grief,5,,,,,,,grief,5,Grief,4,grief,5,grief,3
25,,The moment of the day when you have to start to plaster a smile in your face. #depression,0.854,depressed,3,,,,,,,depressed,2,Depressed,4,depressed,4,depressed,3
26,,I hate when it's gloomy outside because it always gets me in a depressing mood,0.839,depressed,3,,,,,,,displeased,1,Displeased,3,depressed,1,lonely,3
27,,People stealing things from my work out quite the damper on my day so now I am going to wear pajamas all day,0.833,displeased,2,,,,,,,displeased,1,Guilty,4,hurt,3,displeased,2
28,,@FlakeJay ring ring! #depression is here,0.833,depressed,2,,,,,,,depressed,3,Depressed,2,depressed,3,hurt,4
29,,It's now September and we're still battling a situation that was said to be handled March of this year. @ATT this is unacceptable #unhappy,0.833,displeased,3,,,,,,,displeased,2,Displeased,5,displeased,4,displeased,5
30,,"@xBFDR yeah I'm sure it will, it's just so depressing having to talk to my parents over the phone instead of talking to them downstairs",0.833,depressed,3,,,,,,,guilty,1,Lonely,3,lonely,3,displeased,3
31,,| At home sick... ﾃｰﾅｸﾅｽﾂｼThe bluesﾃｰﾅｸﾅｽﾂｼ won't cure it so I need ideas ﾃｰﾅｸﾅｽﾂｸﾃｰﾅｸﾋ・Eﾂｭ | #sorethroat #sick #blues #music #fallweather #carletonuniversity #ottawa,0.833,depressed,3,,,,,,,displeased,1,Lonely,4,lonely,3,guilty,4
32,,I wouldn't wish anxiety and depression even on the worst of people. It's not fun. #anxiety #depression,0.833,depressed,3,,,,,,,grief,5,Depressed,5,depressed,4,depressed,5
33,,sorry Main twitter im in depress,0.833,depressed,3,,,,,,,guilty,2,Depressed,3,depression,3,depressed,2
34,,"@Markgatiss I'm surrounded by those Trump voters. You're right, it is fucking terrifying. #redstate #despair",0.833,displeased,4,,,,,,,displeased,3,Displeased,2,displeased,4,displeased,3
35,,come to the funeral tomorrow at 12 to mourn the death of my gpa,0.833,displeased,4,,,,,,,displeased,1,Guilty,3,displeased,3,hurt,3
36,,Thought I had a pretty solid GPA as a kin major and now that I look at the average for dpt programs I feel even more discouraged ﾃｰﾅｸﾋ・Eﾂｪ,0.812,displeased,4,,,,,,,displeased,1,Guilty,2,displeased,4,guilty,4
37,,depress ﾃｰﾅｸﾋ・E,0.812,depressed,1,,,,,,,depressed,5,Depressed,1,depressed,3,depressed,2
38,,Summer officially ends today. #sadness,0.812,displeased,2,,,,,,,displeased,1,Guilty,3,depressed,1,depressed,4
39,,Well my evaluation came back and i am minimally effective. Student test scores on the PARCC sunk my eval. it's time for me to quit teaching,0.812,displeased,4,,,,,,,displeased,4,Guilty,4,displeased,4,hurt,2
40,,"bad news fam, life is still hard and awful #depression #anxiety #atleastIhaveBuffy",0.812,depressed,4,,,,,,,depressed,1,Displeased,4,depressed,1,hurt,4
41,,"Oh, I should just 'get over' my #depression and 'be happy?' Don't you think I've tried that thousands of times already? You're not helping.",0.812,hurt,5,,,,,,,displeased,4,Depressed,3,hurt,4,hurt,4
42,,@Christy_RTR @doge_e_fresh I'm despondent,0.806,displeased,2,,,,,,,lonely,3,Depressed,1,depressed,3,displeased,1
43,,Too many gloomy days,0.792,depressed,2,,,,,,,displeased,1,Depressed,4,depressed,2,lonely,3
44,,The weather sure matches the mood in this state today.. #gloomy,0.792,depressed,2,,,,,,,displeased,1,Depressed,3,depressed,2,depressed,2
45,,and again dirty and  self loathing attitude  mope talking,0.792,depressed,2,,,,,,,grief,2,Guilty,3,depressed,5,lonely,3
46,,Wearing all black tomorrow as I continue to mourn the lives of the most recent victims of police brutality. #blackout #WU,0.779,grief,4,,,,,,,displeased,3,Grief,2,grief,4,grief,4
47,,Am I the only person who dislikes fall? #FirstDayofFall #leaves #thingsdie #depressing #cold #noflipflops ﾃｰﾅｸ・E・Eﾅｽﾃｰﾅｸﾂ・Eﾂｾﾃｰﾅｸ・E・Eﾅｽﾃｰﾅｸﾂ・Eﾂｽﾃｰﾅｸ・E・Eﾅｽﾃｰﾅｸﾂ・Eﾂｻﾃｰﾅｸﾂ・E・E・Eﾃｰﾅｸ,0.771,displeased,1,,,,,,,displeased,1,Displeased,3,depressed,2,displeased,1
48,,My soul is weary of fighting the battles in this world. #BlackInAmerica #WeAreNotSafe,0.771,displeased,3,,,,,,,lonely,4,Guilty,2,hurt,5,depressed,3
49,,Just wish I was appreciated for all I do! When is it my turn to be taken care of!! I want a break!! #tired,0.771,hurt,3,,,,,,,lonely,4,Lonely,4,hurt,4,hurt,4
50,,"@pureleine though lately with how bad my depression has been i feel like my body is like just, taking what little it can get",0.771,depressed,4,,,,,,,hurt,3,Depressed,2,depressed,4,depressed,4
51,,"so fucking sad when the person you love doesn't try fighting for your happiness, when you'd do anything for them.",0.771,hurt,5,,,,,,,hurt,3,Lonely,3,hurt,5,hurt,5
52,,The news is disheartening. Everything that is going on is a result of a lack of understanding and misinformation by the media. #sadness,0.771,displeased,3,,,,,,,displeased,3,Displeased,2,displeased,5,displeased,4
53,,@lebara - worst possible decision I could have made when arriving in the UK. Shocking service. Poor coverage. #unhappy,0.771,displeased,4,,,,,,,hurt,3,Displeased,5,displeased,5,displeased,3
54,,Condolences to the  JC and the Georges family.. #sad,0.771,grief,3,,,,,,,grief,3,Grief,1,grief,4,grief,3
55,,Groom gloom.,0.771,depressed,5,,,,,,,lonely,2,Depressed,3,depressed,2,grief,2
56,,I don't think I can go to work tomorrow since val has left #GBBO I need a day to mourn,0.754,depressed,5,,,,,,,grief,5,Grief,1,grief,3,lonely,3
57,,Good morning lovely people. Not gonna lie I've woken up feeling pretty glum.,0.754,depressed,3,,,,,,,lonely,1,Depressed,2,depressed,2,lonely,1
58,,@6itmap I can't help but feel melancholic!,0.75,depressed,4,,,,,,,lonely,2,Depressed,4,depressed,3,displeased,2
59,,@CTV_PowerPlay @lraitt Horrid disease! My maternal grandmother and each of her sisters suffered from this affliction. It's hard on all.,0.75,depressed,3,,,,,,,displeased,4,Hurt,2,grief,5,lonely,3
60,,If anybody needs me I'll be drowning my blues in a sea of whiskey ﾃｰﾅｸﾂ・Eﾂｻ,0.75,depressed,5,,,,,,,lonely,4,Depressed,3,depressed,4,hurt,5
61,,@Gaychel22 @Kellee_II @seattlepi even hard facts don't seem to be sinking in... I despair ﾃｰﾅｸﾋ・Eﾂｩ,0.75,depressed,4,,,,,,,displeased,4,Guilty,2,displeased,3,lonely,3
62,,So depressing that it's darker so much earlier now,0.75,depressed,4,,,,,,,displeased,1,Displeased,3,depressed,1,depressed,3
63,,It's just begun ladies and gents. The war on racism has begun. #sadness #Segregation continues.... smh ﾃｰﾅｸﾋ・E・E・E,0.75,displeased,3,,,,,,,hurt,4,Guilty,2,displeased,4,depressed,3
64,,@ily_geuly call me now I'm laying in my bed moping like I intend to do for the next 2 months.,0.74,depressed,5,,,,,,,depressed,3,Depressed,4,depressed,3,hurt,3
65,,Baaarissshhhhh + sad song =  prefect night ﾃ｢・E・Eｬ・E・E feeling alone,0.729,lonely,3,,,,,,,lonely,1,Lonely,2,lonely,4,lonely,4
66,,im so gloomy today,0.729,depressed,4,,,,,,,depressed,1,Displeased,2,depressed,1,lonely,4
67,,Honestly I've come to a place where I keep getting discouraged but just gotta tell myself to keep pushing through it.,0.729,depressed,3,,,,,,,displeased,3,Depressed,4,depressed,3,guilty,3
68,,so lost i'm faded,0.729,lonely,4,,,,,,,hurt,4,Lonely,5,depressed,3,lonely,5
69,,@British_Airways just came of BA6426 at @ortambo_int at least 6 passengers with broken bags. This was a new suitcase. #unhappy customer,0.729,displeased,4,,,,,,,displeased,3,Displeased,5,displeased,4,displeased,2
70,,"tomorrow will be the last episode of despair arc, so much shit is gonna happen i'm not emotionally prepared...",0.729,depressed,2,,,,,,,depressed,4,Lonely,3,depressed,1,depressed,4
71,,I don't want the pity of my instructors but I'd like some understanding. I'm truly trying despite ALL circumstances that make me discouraged,0.625,displeased,3,,,,,,,displeased,4,Guilty,2,displeased,3,hurt,3
72,,"There's many things I don't care about, and many things I do that I don't speak on because it's such a heaviness even when released...",0.625,depressed,3,,,,,,,displeased,2,Guilty,4,hurt,4,grief,4
73,,@knology has providing customers w/equipment that doesn't deliver speeds of internet services that they have been charging.  #scam,0.625,displeased,4,,,,,,,displeased,1,Displeased,5,displeased,4,displeased,3
74,,@el_tityboi bc it's a gloomy day Tony,0.625,depressed,4,,,,,,,lonely,2,Depressed,3,depressed,1,lonely,4
75,,@AmyMek this is so absurd I could laugh right now (if I also didn't feel like crying for the future of our country). #despair #wakeupcall,0.625,displeased,4,,,,,,,depressed,3,Displeased,5,displeased,5,guilty,2
76,,"Because of 'failure of delivery on time', a customer has to pay 16K rupees more! - Not good @tiagotatamotors @TataMotors #unhappy",0.625,displeased,5,,,,,,,displeased,4,Displeased,5,displeased,4,displeased,3
77,,It's sad when your man leaves work a little bit late and your worst fear is 'Oh no!! Did he get stopped by the police?!?! '  #ourworld,0.618,displeased,4,,,,,,,guilty,2,Lonely,4,hurt,5,lonely,2
78,,@JohnRMoffitt This is the most grim piece of laughter I was stricken with all day.,0.604,depressed,4,,,,,,,displeased,1,Depressed,1,displeased,1,displeased,2
79,,@deshbhakthoon always unhappy and easily offended.,0.604,displeased,3,,,,,,,guilty,2,Displeased,3,displeased,3,lonely,3
80,,What a sad day...1st day of Fall...I don't dislike Fall...I just LOVE Summer #FirstDayofFall #goodbyesummer #sadness #bathingsuitsforever,0.604,displeased,2,,,,,,,displeased,1,Displeased,2,depressed,1,grief,1
81,,i miss the guy who always make me sulk,0.604,lonely,2,,,,,,,lonely,2,Lonely,2,lonely,2,lonely,1
82,,@NewYorker @donlemon Trump presidency-a dark age for the USA and the world. He would most definitely take us to war. Short &amp; Long term pain,0.604,displeased,4,,,,,,,depressed,2,Displeased,2,displeased,4,displeased,2
83,,So unbelievably discouraged with music as of late. Incredibly behind on Completing my album. Not digging this at all.,0.604,displeased,4,,,,,,,hurt,3,Depressed,3,displeased,5,depressed,2
84,,Some of these people at this protest are just there for the adrenaline rush. #depressing,0.583,displeased,3,,,,,,,depressed,3,Guilty,3,hurt,4,displeased,4
85,,And there is despair underneath each and every action \nEach and every attempt to pierce the armour of numbness ' -Mgla,0.583,depressed,4,,,,,,,grief,4,Depressed,2,depressed,4,grief,2
86,,"One step forward, two steps backward, the link to RogerFedererShop doesnﾃ・Eﾂｴt work.ﾃｰﾅｸﾋ・Eﾂｰ I am losing hope about Roger Federer new Website #sadness",0.583,displeased,3,,,,,,,displeased,2,Displeased,4,displeased,3,depressed,3
87,,My friends tell me I'm pretty. Trigger tells my I'm ugly. I first was confused but then realised I'm both. Pretty ugly. #tru  #tumblr,0.583,depressed,3,,,,,,,hurt,2,Hurt,4,depressed,3,hurt,4
88,,@Ashleyavitia_ don't leave me,0.583,lonely,3,,,,,,,lonely,4,Lonely,2,lonely,5,lonely,5
89,,"@PaulJonMilne too grim, too insanely, determined to hurt you from",0.575,hurt,3,,,,,,,depressed,3,Hurt,2,hurt,3,grief,3
90,,"@comicfire The thing is, it's either I be unproductive and unhappy, or deal with some videos that do badly.",0.574,guilty,4,,,,,,,guilty,3,Guilty,3,displeased,4,displeased,2
91,,you never call me when your sober,0.562,hurt,3,,,,,,,hurt,5,Depressed,3,hurt,3,hurt,5
92,,Dylon felt dejected. He has a dejected aunt!,0.562,depressed,3,,,,,,,displeased,3,Depressed,3,depressed,3,hurt,2
93,,"3 weeks into the course and have had the kitchen sink thrown at me, I m still pulling knives and forks out of my ears",0.562,displeased,4,,,,,,,displeased,3,Displeased,4,hurt,3,displeased,4
94,,"@ActualFlatticus @veggie64_leslie @mtracey Call me a pessimist, but I don't think therapy can fix whatever is wrong with Anthony Weiner.",0.479,displeased,4,,,,,,,grief,2,Displeased,2,depressed,3,grief,2
95,,@lebara - worst possible decision I could have made when arriving in the UK. Shocking service. Poor coverage.,0.479,displeased,5,,,,,,,hurt,3,Displeased,5,displeased,5,displeased,2
96,,lost my 244 day snapchat streak i'm done,0.477,depressed,4,,,,,,,displeased,3,Lonely,3,displeased,1,depressed,5
97,,@ATTCares why do I have 2 wait 48 hours to call YOU back to cancel an order I JUST placed after already spending 2 hours on the phone?!,0.464,displeased,5,,,,,,,displeased,4,Displeased,5,displeased,5,hurt,4
98,,i stopped watching gotham cause they dropped off tabitha and barb's relationship and made her pine after the main,0.461,displeased,4,,,,,,,displeased,4,Lonely,3,displeased,2,guilty,2
99,,Never leave me alone with my credit card. Nope nope mope.,0.458,guilty,4,,,displeased,1,,,,,Depressed,2,guilty,3,guilty,4
100,,The horrible puns for the day have been made. I shall return to my cage in a dark corner by myself while crying &amp; laughing hysterical now.,0.458,depressed,4,,,depressed,5,,,,,Depressed,3,depressed,3,grief,2
101,,History repeating itself..GAA is our culture how dare anyone think it's ok to discourage any Irish person from attending any match or final,0.458,displeased,4,,,displeased,1,,,,,Displeased,4,hurt,4,hurt,3
102,,You don't know how to love me when you're sober #sober #selenagomez #revival,0.458,hurt,5,,,lonely,3,,,,,Lonely,3,hurt,4,hurt,4
103,,When you're on a train as its pitch black outside and you have no idea where you are... #travel #whereami #lost #adventure,0.438,depressed,3,,,lonely,3,,,,,Lonely,4,depressed,4,lonely,2
104,,"@BonesARP 'That is a disappointment.'\n\nHe fakes a pout, then starts to chuckle.",0.438,displeased,4,,,displeased,2,,,,,Displeased,4,displeased,2,guilty,1
105,,the ending of how I met your mother is dreadful,0.417,displeased,4,,,displeased,1,,,,,Displeased,3,displeased,1,hurt,3
106,,"Sometimes people leave you halfway through the wood. Do not let it grieve you, no one leaves for good. #youarenotalone #nooneisalone",0.417,hurt,3,,,grief,1,,,,,Grief,3,hurt,4,displeased,1
107,40100,@TheZantarin Then maybe we should keep our White mouths shut and let the people being targeted speak and mourn.,0.729,,,hurt,5,displeased,5,,,,,Guilt,3,,,,
108,40102,Ill say it again. If I was a Black man Id be afraid to leave my house or have a moving violation.\n\n#TerranceCrutcher #truth #sad,0.729,,,displeased,4,displeased,5,,,,,Guilt,4,,,,
109,40103,i is sad,0.729,,,depressed,3,depressed,1,,,,,Lonely ,4,,,,
110,40104,"Wanna pop some pills, sedate myself, and wake up tomorrow.",0.729,,,depressed,5,depressed,4,,,,,Depressed ,4,,,,
111,40105,Patti seems so sad. She stamped and ran behind the sofa. We will have to give her plenty of love and affection...more than usual. #sad,0.729,,,hurt,3,depressed,4,,,,,Guilt,4,,,,
112,40106,"It feels like there are no houses out there for us. With the most basic requirements I have, there are literally no options. #discouraged",0.729,,,displeased,5,displeased,2,,,,,Displeased ,3,,,,
113,40107,Don't wanna go to work but I want the money #sad,0.729,,,depressed,4,displeased,2,,,,,Guilt,2,,,,
114,40108,Wow the #Denver housing market is #depressing no places to buy in my range ﾃｰﾅｸﾋ・Eﾂ｢ #FML,0.729,,,depressed,4,displeased,3,,,,,Guilt,3,,,,
115,40110,I have not nap for 3 days in a row I'm very unhappy rn,0.729,,,displeased,5,displeased,3,,,,,Hurt,3,,,,
116,40111,@megalvz literally was gloomy for an hour,0.729,,,displeased,2,depressed,1,,,,,Depressed ,3,,,,
117,40112,"@MendipHillsAONB do we think the swallows and swifts have gone? Photo'd 3 nights ago, not seen since. #sad #Autumn",0.729,,,depressed,1,displeased,1,,,,,Lonely ,3,,,,
118,40113,"Fucking gutted, disheartened &amp; so pissed off.Gone from 1 off the toughest most resolute defences to the worst &amp; most shambolic #SCFC #STOHUL",0.729,,,displeased,4,hurt,3,,,,,Displeased ,4,,,,
119,40114,@TootingCommon stop!!! Don't make me laugh when I'm being sad.,0.708,,,depressed,2,displeased,1,,,,,Hurt,4,,,,
120,40115,Condolences to the  JC and the Georges family..,0.708,,,grief,3,grief,2,,,,,Grief,2,,,,
121,40116,"@GoPro your UX online is appalling! No clear save button, not being able to use any generic TLD's #unhappy",0.708,,,displeased,3,displeased,1,,,,,Displeased ,4,,,,
122,40117,Literally being here makes me depress tbh,0.708,,,depressed,4,depressed,3,,,,,Depressed ,3,,,,
123,40119,"This room is rather dreary, but we endure what we must.",0.708,,,depressed,2,lonely,2,,,,,Displeased ,3,,,,
124,40120,where broken hearted lovers do cry away their gloom,0.708,,,hurt,3,depressed,4,,,,,Grief ,4,,,,
125,40121,Another grim &amp; compelling news report by @Nawalf on the blockade of aid to the starving in #Yemen #BBC #dosomethingpoliticans,0.708,,,depressed,2,grief,1,,,,,Guilt,3,,,,
126,40122,@GCC_DiscGolf lost my xt nova around hole 8 or 9 #sadness,0.708,,,hurt,3,displeased,1,,,,,Displeased,3,,,,
127,40123,@Uber_RSA when you click over and over again for a cupcake but there are no vehicles available... #sadness,0.708,,,displeased,3,displeased,1,,,,,Displeased ,4,,,,
128,40124,Nasty nasty chilly rain has put a damper on my afternoon cigar.  This is NOT a good thing. @cspanwj And FOUR #CongressCritters tomorrow?,0.708,,,depressed,2,displeased,2,,,,,Displeased ,4,,,,
129,40125,I got diagnosed with severe-extreme depression and I didn't know there was a difference between those two lol,0.708,,,depressed,4,depressed,5,,,,,Lonely ,5,,,,
130,40126,#haikuchallenge #haiku\n\nThe crisp autumn air\nMy freedom purchased through death\nNo one will mourn me,0.708,,,depressed,3,depressed,3,,,,,Lonely ,3,,,,
131,40127,Smokeys dad is sad :/,0.689,,,depressed,1,grief,3,,,,,Displeased ,3,,,,
132,40128,"Americans as a whole are, for the most part, feeling borderline despair at the very least. Looking at a situation out of control.",0.688,,,depressed,4,displeased,1,,,,,Displeased ,4,,,,
133,40129,@ryyyshh story of my life. #lost,0.688,,,depressed,2,displeased,1,,,,,Depressed ,3,,,,
134,40130,When will the weeks full of Mondays end?? #disheartened,0.688,,,depressed,4,displeased,1,,,,,Guilt,3,,,,
135,40132,@HutchinsonDave I don't know whether to despair or agitate for a cull.,0.688,,,depressed,3,displeased,3,,,,,Displeased ,3,,,,
136,40133,Can I just sulk in peace ﾃｰﾅｸﾋ・E・E・E,0.688,,,depressed,3,depressed,3,,,,,Depressed ,3,,,,
137,40134,It's sad when your man leaves work a little bit late and your worst fear is 'Oh no!! Did he get stopped by the police?!?! ' #sad #ourworld,0.688,,,displeased,3,displeased,1,,,,,Lonely ,3,,,,
138,40135,MY CAR IS DENTED FROM THE HAIL sad,0.688,,,displeased,4,hurt,3,,,,,Displeased ,3,,,,
139,40136,From My head to think it was better but obviously it's not #relapse #sadness #sickness #madness #misunderstanding,0.688,,,displeased,3,displeased,3,,,,,Depressed ,4,,,,
140,40137,@WilsonsWorld I was in high school and remember helping neighbors clean up back home in Greenville.  Pretty sobering stuff.  #sadness,0.688,,,hurt,2,displeased,1,,,,,Lonely ,3,,,,
141,40138,I have sleep cooties.\nI close my eyes and dream that I'm awake #weary #sleepissues #narcolepsy,0.688,,,displeased,4,displeased,1,,,,,Displeased ,3,,,,
142,40139,wow almost all the T-Mobile stores in San Diego are out of Note7 replacements #sadness I need to get mine replaced,0.688,,,displeased,4,displeased,2,,,,,Displeased ,3,,,,
143,40140,"I forgot my hair straightner home, I'm feeling lost without it... #lost #lostWithoutMyHairStraightener",0.688,,,displeased,2,displeased,2,,,,,Guilt ,3,,,,
144,40142,The underground at Waterloo is not a nice place to be at 8.30am on a Thursday #somanypeople #grim,0.688,,,depressed,2,displeased,1,,,,,Displeased ,4,,,,
145,40143,When will the weeks full of Mondays end??,0.688,,,depressed,3,displeased,1,,,,,Displeased ,2,,,,
146,40145,@thatsabingo grim really,0.688,,,displeased,1,displeased,2,,,,,Lonely ,1,,,,
147,40146,With loyal heart is concerned. #somber,0.688,,,hurt,3,displeased,1,,,,,Grief ,2,,,,
148,40147,@knology has providing customers w/equipment that doesn't deliver speeds of internet services that they have been charging. #unhappy #scam,0.688,,,displeased,4,displeased,1,,,,,Displeased ,5,,,,
149,40148,@CNN yes. Too many cops. And too many ppl who should have lost their lives r still alive.,0.688,,,displeased,4,displeased,3,,,,,Guilt ,4,,,,
150,40149,"If you find me lost, will you stay as a passerby or will you get lost with me? #musings #melancholy",0.68,,,hurt,3,lonely,2,,,,,Lonely ,3,,,,
151,40150,I'm getting use to not having a phone it's sad ..,0.68,,,displeased,3,displeased,2,,,,,Lonely ,4,,,,
152,40151,"I'm slugging vitamin D pills by the handful, like they were m&amp;ms. When will this eternal winter end?! #Melbourne #grim #overit",0.675,,,depressed,4,depressed,2,,,,,Displeased ,3,,,,
153,40152,Sometimes the support network is causing the damage. \n\n #support #Damaged #alone #tired  #hurt #nojustice  #surivivor #NoMore,0.67,,,hurt,3,lonely,2,,,,,Lonely ,3,,,,
154,40153,@JUSTICESLUT420 sadly this sort of poster died by the 90s afaik,0.669,,,depressed,2,displeased,1,,,,,Displeased ,2,,,,
155,40154,@lucy_hyner @Soulboy2266 sadly not !! One less hour drinking time ﾃｰﾅｸﾋ・Eﾂ｢ﾃｰﾅｸﾂ・Eﾂｻ,0.667,,,depressed,3,displeased,1,,,,,Depressed ,2,,,,
156,40155,I was in the dark room for 58 minutes and failed every time I tried developing a photo I'm so frustrated with myself :'),0.667,,,displeased,2,displeased,2,,,,,Guilt ,4,,,,
157,40156,Mixed emotions. #sadness #anxietymaybe #missingfriends #growingupsucks #lostfriends #wheresthetruefriends #complications,0.667,,,lonely,3,lonely,3,,,,,Lost,3,,,,
158,40157,"@Jay_2752 thank you, I shall mourn her",0.667,,,grief,2,grief,2,,,,,Grief ,4,,,,
159,40158,Making that yearly transition from excited and hopeful college returner to sick and exhausted pessimist. #college,0.667,,,hurt,2,displeased,1,,,,,Depressed ,3,,,,
160,40160,"Had to give my 11yo AfAm son this advice today: 'be polite, no sudden movements, keep hands where they can see them'. #sadness",0.667,,,hurt,2,displeased,2,,,,,Displeased ,5,,,,
161,40161,Man Southampton will wipe the floor with  west ham on Sunday. So disheartened,0.667,,,displeased,2,displeased,1,,,,,Displeased ,3,,,,
162,40162,@Fly_Norwegian quite simply the #worst #airline #worstairline I've ever used! #shocking #appauling #dire #dismal #beyondajoke #useless,0.667,,,displeased,5,displeased,3,,,,,Displeased ,5,,,,
163,40163,Hate knowing I have to get up at half 5 for gym in the morning it's so depressing,0.667,,,depressed,2,displeased,1,,,,,Guilt ,3,,,,
164,40164,@DeltaAssist Tried 2 get earlier flt 2day  @BWI Turnd away bcuz it was 2 late Then agent let other pas on #silvereliteleftbehind #unhappy,0.667,,,displeased,3,displeased,2,,,,,Displeased ,4,,,,
165,40165,Love all the ex United managers on Twitter who form our fanbase. Honestly I despair at times. Just back the fucking team eh #MUFC,0.667,,,displeased,3,displeased,1,,,,,Displeased ,2,,,,
166,40166,Can we go back 2 weeks and start again ?? This is seriously dreadful,0.667,,,depressed,3,displeased,2,,,,,Guilt ,5,,,,
167,40167,I'm honestly upset that they rewarded Nicole 500k. #depressing #paulwasrobbed #rewardhardwork #bitterjury #bb18,0.667,,,depressed,2,displeased,2,,,,,Guilt ,3,,,,
168,40168,I haven't watched my favorite youtubers in months and it's honestly made my depression so much worse,0.667,,,depressed,4,depressed,1,,,,,Depressed ,2,,,,
169,40169,"@midnight #EndTrumpweek please, it's #depressing me.",0.667,,,depressed,4,displeased,2,,,,,Displeased ,4,,,,
170,40170,@MHChat I think sadness is felt very strongly physically and mentally.  It feels like it takes over and it's hard to focus at work #MHChat,0.667,,,depressed,4,displeased,2,,,,,Depressed ,5,,,,
171,40171,@gagasklaine it's old sadly,0.667,,,hurt,2,displeased,1,,,,,Depressed ,2,,,,
172,40172,@TDYLN sadly not :(,0.667,,,hurt,2,displeased,1,,,,,Displeased ,2,,,,
173,40174,@KatHeartwell some don't see the difference between courting and appealing to a women vs deception &amp; pressure it's depressing,0.667,,,displeased,3,displeased,1,,,,,Lonely ,4,,,,
174,40175,It's way too hard not to get discouraged.,0.667,,,depressed,4,depressed,3,,,,,Depressed ,5,,,,
175,40176,as a very depressed and suicidal person seeing someone sing about their own depressing life yet having fun is very relatable and encouraging,0.667,,,depressed,2,depressed,2,,,,,Lonely ,4,,,,
176,40177,I've returned from the dead with a desire to clean the apartment and eat something that isn't garbage. #managing #depression,0.667,,,depressed,1,depressed,3,,,,,Guilt ,3,,,,
177,40178,@WestHamUtd poor service tonight to find season ticket holders in the seats we purchased online. Forced to move further away #unhappy,0.667,,,displeased,3,displeased,2,,,,,Displeased ,5,,,,
178,40179,Even a pencilﾃ｢ﾅ・Eﾂ・E never #stayed  with me until it's #end ﾃ｢ﾅ｡ﾂｫ ﾃｰﾅｸﾋ・Eﾅｾ,0.667,,,lonely,3,displeased,1,,,,,Lonely ,3,,,,
179,40180,so gutted i dropped one of my earrings down the sink at school,0.667,,,displeased,4,displeased,2,,,,,Guilt ,4,,,,
180,40181,Having holiday blues! #WantToGoBackToMinehead.,0.661,,,depressed,3,displeased,1,,,,,Lonely ,4,,,,
181,40183,I don't think it's fully sunk in that Val is gone yet,0.654,,,grief,3,grief,2,,,,,Grief,3,,,,
182,40184,Hate being sober so I popped two,0.653,,,depressed,3,depressed,4,,,,,Guilt ,2,,,,
183,40188,All the 'juniors' are now wearing purple at ollafest while I'm here fighting with my alarm about when I need to wake up for German #sadness,0.646,,,depressed,4,displeased,2,,,,,Guilt ,3,,,,
184,40189,The fact I haven't had to wear a bra for a week and knowing I'll have to start wearing one again after tomorrow is depressing ﾃｰﾅｸ・E・E｢・E・Eﾃｰﾅｸ・E・E｢・E・E,0.646,,,displeased,2,displeased,1,,,,,Displeased ,2,,,,
185,40190,Liam is too distant makes me mourn ﾃｰﾅｸﾋ・Eﾂｪ,0.646,,,lonely,3,grief,2,,,,,Lonely ,4,,,,
186,40191,It's now September and we're still battling a situation that was said to be handled March of this year. @ATT this is unacceptable,0.646,,,displeased,4,displeased,3,,,,,Displeased ,5,,,,
187,40192,This weather got me fucked up. Like you either be sunny and hot or gloomy and cold. No in between.,0.646,,,depressed,2,depressed,2,,,,,Displeased ,3,,,,
188,40193,@ATTCares why do I have 2 wait 48 hours to call YOU back to cancel an order I JUST placed after already spending 2 hours on the phone?! #sad,0.646,,,displeased,5,displeased,2,,,,,Displeased ,5,,,,
189,40194,Life is too short so dont shoot it in with worries sadness and grief.,0.646,,,depressed,1,displeased,2,,,,,Depressed ,1,,,,
190,40195,Brb going to sulk in bed until Friday,0.646,,,depressed,5,depressed,2,,,,,Depressed ,3,,,,
191,40196,"@LVLMLeah Nooooooooooooooooooooo. We have stupid, dismal, lame winters where we maybe get some dangerous ice once.",0.646,,,displeased,4,displeased,1,,,,,Displeased ,2,,,,
192,40197,#RIPKara i could have seen her at a local mall or any school football games. im disheartened,0.646,,,lonely,4,grief,3,,,,,Guilt ,3,,,,
193,40198,@RossKemp great programme tonight #sad #upsetting #extremeworld,0.646,,,displeased,1,displeased,1,,,,,Depressed ,2,,,,
194,40199,My friends tell me I'm pretty. Trigger tells my I'm ugly. I first was confused but then realised I'm both. Pretty ugly. #tru #sad #tumblr,0.64,,,displeased,3,hurt,2,,,,,Depressed ,3,,,,
195,40300,"@marksandspencer Where has your 50% grapefruit squash gone,not been able to get for weeks #unhappy",0.562,,,displeased,3,displeased,1,,,,,Displeased ,2,,,,
196,40301,I mourn the creativity lost.,0.562,,,depressed,3,displeased,3,,,,,Guilt ,3,,,,
197,40302,"@Jinath_Hyder I can't have alcohol on it, sadly, but it only flares up under very specific circumstances so I just need to be more careful",0.562,,,depressed,2,guilty,2,,,,,Depressed ,2,,,,
198,40303,Add Donte Moncrief to my dismal situation #blessed.,0.561,,,depressed,3,displeased,1,,,,,Depressed ,1,,,,
199,40304,Shoutout to the drunk man on the bus who pissed in a bottle and on the seats #grim,0.548,,,displeased,4,,,hurt,2,,,Displeased ,5,,,,
200,40305,U know u have too much on ur mind when u find yourself cleaning a stove and kitchen by yourself  at almost 3am...  #pensive,0.542,,,depressed,2,,,hurt,2,,,Lonely ,4,,,,
201,40307,Itching something #serious RN haven't slept but considering taking like 6 Benadryl for a 20 min nap I am itching SO BADLY wow,0.542,,,displeased,4,,,lonely,3,,,Hurt,2,,,,
202,40308,@TVsCarlKinsella They're such garbage. Obviously I like that they suck but it's still grim to watch.,0.542,,,displeased,4,,,displeased,3,,,Displeased ,5,,,,
203,40309,"For a team as big as Bayern and the they like to play football, their pitch is fucking dreadful. Certainly no Emirates pitch anyway.",0.542,,,displeased,4,,,displeased,2,,,Displeased ,5,,,,
204,40310,Angry shouting match between a #pessimist &amp; an #optimist:\n'You're a half empty-headed @%$!' \n'You're half full of @%$!',0.542,,,displeased,5,,,displeased,3,,,Guilt ,3,,,,
205,40312,"@OnesOwnGrief Just a shame his world was gloom from day one almost.Though it makes sense he'd have the whole part hydra,part s.h.i.e.l.d(c)",0.542,,,displeased,2,,,displeased,2,,,Displeased ,3,,,,
206,40313,How do u grieve someone who legally wasn't a person yet?,0.542,,,grief,4,,,lonely,3,,,Grief,3,,,,
207,40314,It's so gloomy outside. I wish it was as cold as it looked,0.542,,,depressed,2,,,depressed,2,displeased,1,,,,,,
208,40315,@British_Airways #lost #bag #stillwaiting go home in2days. DM'd you my info and have rung 9times a day. What more can I do? #wheresmybag,0.542,,,displeased,4,,,lonely,3,displeased,2,,,,,,
209,40316,"When you saw a t-shirt with the phrase 'My mind is a dangerous place to be' and you would like to buy, but in Italy don't sell it. #sadness",0.542,,,displeased,2,,,depressed,2,displeased,1,,,,,,
210,40318,Trying to take what's lost and broken and make it right,0.542,,,hurt,3,,,guilty,3,grief,4,,,,,,
211,40319,@LondonMidland #dobetter only two carriages on 14:49 Birmingham to Hereford no room to stand anymore Friday commute #unhappy,0.542,,,displeased,3,,,depressed,3,displeased,2,,,,,,
212,40322,5am blues while riding a cab home:\n- my belly is much bigger than the rest of my body\n- but i couldnt be preggy\n- how to lose it in a day,0.542,,,displeased,3,,,guilty,3,guilty,3,,,,,,
213,40325,@WYSdaily I'm confident they will NEVER experience our successes of last 50yrs. Best they can hope for is to be another Bournemouth #sad,0.542,,,displeased,3,,,lonely,3,displeased,2,,,,,,
214,40326,"What's good is that we already hit rock bottom, even though I'm about two more seasons away from new depths of despair. #playoffs? #NJDevils",0.542,,,depressed,4,,,depressed,2,depressed,1,,,,,,
215,40327,"Absolutely can not believe the generosity pouring out for us, but Id give everything I have for Nick to be healthy and happy. #lost",0.542,,,hurt,5,,,lonely,4,grief,2,,,,,,
216,40328,i got his bitch depress,0.542,,,depressed,3,,,hurt,3,depressed,3,,,,,,
217,40329,@Groupon_UK who do I contact about a shocking experience with Clear Sky Holidays booked through you guys?? #customerservicefail #dreadful,0.542,,,displeased,4,,,displeased,4,displeased,2,,,,,,
218,40331,"@simslover163 I guess it must be really expensive... For me it's that the whole family stayed in Poland, so I really miss them...",0.542,,,lonely,4,,,lonely,3,lonely,4,,,,,,
219,40332,Regret for the things we did can be tempered by time; it is regret for the things we did not do that is inconsolable.  Sydney J. Harris,0.542,,,hurt,2,,,guilty,2,guilty,3,,,,,,
220,40333,untypical kinda Friday #dull,0.542,,,depressed,2,,,hurt,1,displeased,2,,,,,,
221,40334,"My oldest cat pisses me off. She's always been weary of Kennen (senile kinda), but recently shes been sweet. Until she attacked and bit him.",0.542,,,hurt,4,,,hurt,2,displeased,4,,,,,,
222,40335,@WestermannNina xDD it's a song that can not be weary (?),0.542,,,depressed,3,,,lonely,3,displeased,1,,,,,,
223,40336,Feels grim not having your nails done,0.542,,,displeased,2,,,hurt,2,displeased,1,,,,,,
224,40337,"How could such a crooked,stuck up,delusional,dim&amp; #dark hearted dud be surprised losing&amp;prob also ppl won't let their crimes drop! #nwo imo",0.541,,,displeased,4,,,displeased,4,hurt,4,,,,,,
225,40339,a good shorty has so much to offer &amp; it's sad that some of you niggas don't even see it when she right in front of your face and too late,0.521,,,displeased,4,,,hurt,3,hurt,4,,,,,,
226,40341,One way ticket to the blues.,0.521,,,depressed,4,,,depressed,4,depressed,4,,,,,,
227,40342,@SWP_Roads   How dull.,0.521,,,displeased,2,,,depressed,3,displeased,1,,,,,,
228,40345,"Im kind of confused.  The one thing i do right now has a great future, but on the other hand so does the new thing .  #needhelp",0.521,,,depressed,2,,,depressed,3,displeased,2,,,,,,
229,40350,So now... yeah. I'm home again.\nStill feeling mixed up inside &amp; kinda gloomy. But a little more optimistic that I'll figure this out.,0.521,,,depressed,1,,,depressed,2,depressed,2,,,,,,
230,40351,penny dreadful just cleaved off a fraction of my heart,0.521,,,hurt,2,,,hurt,4,hurt,5,,,,,,
231,40352,"@fitzstockcharts Gundlach calling for rounding top, doom and gloom, 15% down move",0.521,,,depressed,2,,,depressed,3,hurt,3,,,,,,
232,40353,"Everything is far away because time is short, no rest for the weary.",0.521,,,depressed,3,,,depressed,3,depressed,2,,,,,,
233,40354,@chelseafc let them know it's the #blues,0.521,,,depressed,1,,,depressed,2,depressed,4,,,,,,
234,40356,"@AliceGoodman17 i dunno, I'm getting less of the spacious lovely autumnal melancholy from our present apocalypse",0.521,,,depressed,1,,,depressed,4,grief,3,,,,,,
235,40357,Got paid to vacuum up rat poop. (-: never a dull day in the biology department ...,0.521,,,displeased,1,,,displeased,2,displeased,2,,,,,,
236,40359,@pandaflo22 We are sadden by this because we always strive to bring the best service to our customer. We will always be here for you. CM,0.521,,,depressed,1,,,guilty,3,depressed,1,,,,,,
237,40361,When health insurance won't cover TMS but they let me know they cover ECT #mentalhealth #psychology  #TMS #ECT,0.521,,,displeased,3,,,displeased,4,hurt,4,,,,,,
238,40364,"if you have been on depression too u shouldn't be judging him and exposing him to everyone, but helping him",0.52,,,displeased,4,,,hurt,3,displeased,4,,,,,,
239,40366,@HeyCaraJay I am inconsolable at this GIF in context,0.509,,,depressed,4,,,hurt,3,displeased,2,,,,,,
240,40368,Lisa: Getting what you want all the time will ultimately leave you unfulfilled and joyless.,0.5,,,depressed,4,,,depressed,4,displeased,3,,,,,,
241,40369,@harowe this sad truth!,0.5,,,hurt,3,,,hurt,3,hurt,4,,,,,,
242,40371,Don't wanna go to work but I want the money,0.5,,,depressed,3,,,displeased,4,guilty,3,,,,,,
243,40375,@RyhenMessedUp goodbye despair,0.5,,,depressed,1,,,depressed,3,depressed,2,,,,,,
244,40378,"the waitress recognised me from last time i was in there moping, after my interview haha",0.5,,,depressed,3,,,hurt,4,grief,3,,,,,,
245,40379,What day is it #lost,0.5,,,depressed,3,,,lonely,3,lonely,2,,,,,,
246,40381,"@ChibiReviews Post series depression can be quite bad, but it will get better, I bet someone will pick the novel soon in the west.",0.5,,,depressed,2,,,displeased,2,depressed,2,,,,,,
247,40382,@iTriborg ﾃ｢・E・Eｬ・E・E make him feel vigorous. 'Fine. You can kill me now.' Said Hestia with a display of only despair rather than her joyful ﾃ｢・E・Eｬ・E・E,0.5,,,depressed,4,,,hurt,5,hurt,2,,,,,,
248,40384,"The 2nd step to beating #anxiety or #depression is realising that it's not about waiting for ...., Take action yourself now.",0.495,,,depressed,2,,,depressed,4,guilty,3,,,,,,
249,40387,"@Nataliem55 sadly, war has often been the factor that jump starts US economic growth",0.479,,,displeased,2,,,guilty,3,displeased,3,,,,,,
250,40388,@GrimsToyShow grim what the fuck going on with these dame fucking clowns takeing the gameing channel if I had a way to nj I would delete,0.479,,,displeased,4,,,displeased,5,displeased,4,,,,,,
251,40389,"Leeds surely to drop the prices for that cup tie, rather than the dismal attendance last night..",0.479,,,displeased,2,,,displeased,3,displeased,2,,,,,,
252,40391,The word happiness would lose its meaning if it were not balanced by sadness.,0.479,,,depressed,1,,,depressed,3,displeased,1,,,,,,
253,40395,"@aidanparr haha!! No, sorry was it too grim even for you?! It disturbed me &amp; im starting to lose all trust in Twitter generally!!",0.479,,,depressed,4,,,lonely,4,displeased,3,,,,,,
254,40396,"Literally had a guy (a some-would-say-successful guy) tell me 'this ship will sail' kay guy, first, you're working with a sub, last, it sunk",0.479,,,hurt,3,,,hurt,2,displeased,3,,,,,,
255,40500,@ksmitely @CitizenMeh I feel strongly that we need to work together to right this dreadful wrong.,0.415,,,displeased,2,,,guilty,3,guilty,2,,,,,,
256,40504,@MHChat #mhchat Childhood experiences inform adult relationships. We have associative memories Not a question of ability to process,0.397,,,displeased,2,,,hurt,2,grief,4,,,,,,
257,40510,A Leopard never changes its spots! #lost,0.396,,,displeased,3,,,lonely,3,depressed,1,,,,,,
258,40511,In need of a serious nap rn,0.396,,,depressed,3,,,displeased,3,depressed,1,,,,,,
259,40516,"@JohnWildy71 something, too confused to type an entire word ﾃｰﾅｸﾋ・Eﾅ・E See, I can laugh again. My hour of sadness has almost passed",0.396,,,depressed,1,,,depressed,1,grief,1,,,,,,
260,40520,"Interview preparation, I hate talking about myself, one dull subject matter! #yawnoff",0.396,,,displeased,2,,,displeased,2,displeased,1,,,,,,
261,40527,Cam cannot be serious with that IG post and that stupid ass font he uses. Would've been better to just say nothing.,0.396,,,displeased,3,,,displeased,5,displeased,4,,,,,,
262,40529,No episode today! Whilst editing there was a power outage! We will rebuild...tomorrow #podcast #lost #editing #fail #tomorrow,0.396,,,displeased,4,,,displeased,5,grief,3,,,,,,
263,40534,"It is a solemn thing, and no small scandal in the Kingdom, to see Godﾃ｢・E・Eｬ・E・E｢s children starving while seated at the Fatherﾃ｢・E・Eｬ・E・E｢s table. -AW Tozer",0.375,,,displeased,5,,,hurt,3,hurt,4,,,,,,
264,40539,Gonna be a loooooong year as a Browns fan. Longer than normal and that's,0.375,,,depressed,3,,,displeased,4,displeased,1,,,,,,
265,40550,"the grave of a beat, a bravehearted cave lover, cage lover, sage #lover who made #soup of you, twisted to spoony #melancholy, spikes, spices",0.375,,,depressed,1,,,displeased,5,depressed,2,,,,,,
266,40551,"Like, 'loon attic'. Luckily it quickly sunk in that it was the wrong pronunciation, but I still couldn't stop saying it. It just stuck.",0.375,,,displeased,1,,,guilty,2,guilty,2,,,,,,
267,40558,I'm too sober time to get shit faced,0.36,,,depressed,4,,,depressed,4,depressed,4,,,,,,
268,40559,I don't want perfect. It's too boring and dull.,0.36,,,displeased,3,,,depressed,4,hurt,2,,,,,,
269,40563,"Pops are joyless, soulless toys which look nearly identical.  They are the perfect expression of consumerism.  'I enjoy this franchise'",0.354,,,displeased,3,,,displeased,3,displeased,1,,,,,,
270,40573,Why is it that we rejoice at a birth and grieve at a funeral? It is because we are not the person involved. ﾃ｢・E・Eｬ・E｢ Mark Twain,0.354,,,depressed,3,,,grief,3,displeased,2,,,,,,
271,40577,Regret for the things we did can be tempered by time; it is regret for the things we did not do that is inconsolable. - Sydney J. Harris,0.354,,,hurt,1,,,guilty,3,guilty,4,,,,,,
272,40585,In serious need of a nap,0.354,,,depressed,4,,,depressed,2,depressed,1,,,,,,
273,40595,First weekend of fall; let's see if I can stay disciplined to this seasons goals. #fitness #running #sober #Mindset #firstfriday #family,0.333,,,depressed,1,,,displeased,4,guilty,2,,,,,,
